lambda_weight,run_id,algorithm,accuracy_norm,energy_per_token_norm,latency_norm,reward,total_energy_wh
0.0,42,accuracy,0.6850036129066008,0.5373095930916143,0.6258397028689867,0.6850036129066008,731.4273224816835
0.0,42,epsilon_greedy,0.6787264563710702,0.5256721820669568,0.6137167447227885,0.6787264563710702,712.4601863165062
0.0,42,largest,0.38419378669728327,0.4122323191878735,0.4059649715387025,0.38419378669728327,440.4658335067343
0.0,42,linear_epsilon_greedy,0.686324508602152,0.35279068419828047,0.4086478444904009,0.686324508602152,280.72232564451986
0.0,42,linucb,0.6586946265062928,0.2231700533957277,0.24804865049150412,0.6586946265062928,300.7370017022692
0.0,42,random,0.49891343525086196,0.1652251384583441,0.20154188199518186,0.49891343525086196,243.1277221704169
0.0,42,smallest,0.3224971670309777,0.04785310832833502,0.08831793858344318,0.3224971670309777,52.46320379757186
0.0,42,thompson_sampling,0.6681619817044889,0.3103015691464438,0.34676176303076384,0.6681619817044889,462.1189444642473
0.0,43,accuracy,0.6850036129066008,0.5373095930916143,0.6258397028689867,0.6850036129066008,731.4273224816835
0.0,43,epsilon_greedy,0.6767056096724999,0.520565249487984,0.60710340408243,0.6767056096724999,702.0783278416271
0.0,43,largest,0.38419378669728327,0.4122323191878735,0.4059649715387025,0.38419378669728327,440.4658335067343
0.0,43,linear_epsilon_greedy,0.6593291481232368,0.18960143729017054,0.2088160964088626,0.6593291481232368,289.3382200750824
0.0,43,linucb,0.6762175440176698,0.229728756943574,0.26224496857989726,0.6762175440176698,276.205449660818
0.0,43,random,0.5169301483802228,0.166380785464792,0.20326412903823077,0.5169301483802228,230.25515957351013
0.0,43,smallest,0.3224971670309777,0.04785310832833502,0.08831793858344318,0.3224971670309777,52.46320379757186
0.0,43,thompson_sampling,0.6656266679837687,0.2924304190793479,0.33739627531785743,0.6656266679837687,377.29707248081104
0.0,44,accuracy,0.6850036129066008,0.5373095930916143,0.6258397028689867,0.6850036129066008,731.4273224816835
0.0,44,epsilon_greedy,0.6787620565319323,0.5140145162909857,0.5999511308380727,0.6787620565319323,694.6103328359349
0.0,44,largest,0.38419378669728327,0.4122323191878735,0.4059649715387025,0.38419378669728327,440.4658335067343
0.0,44,linear_epsilon_greedy,0.6576707532544142,0.24811381345155978,0.30186882903732587,0.6576707532544142,292.1631904638737
0.0,44,linucb,0.6587787058457117,0.20943834014488366,0.2447573071294939,0.6587787058457117,230.22649435255948
0.0,44,random,0.5195035210228304,0.16770687204773885,0.20650093433221828,0.5195035210228304,234.4760951633839
0.0,44,smallest,0.3224971670309777,0.04785310832833502,0.08831793858344318,0.3224971670309777,52.46320379757186
0.0,44,thompson_sampling,0.6641455859266462,0.2761047321967191,0.28863188679439306,0.6641455859266462,393.9289034014006
0.0,45,accuracy,0.6850036129066008,0.5373095930916143,0.6258397028689867,0.6850036129066008,731.4273224816835
0.0,45,epsilon_greedy,0.6735694506060595,0.2185417719288537,0.26364125223259155,0.6735694506060595,377.5499891678279
0.0,45,largest,0.38419378669728327,0.4122323191878735,0.4059649715387025,0.38419378669728327,440.4658335067343
0.0,45,linear_epsilon_greedy,0.6693632502869227,0.2664441080627403,0.3145938893065551,0.6693632502869227,234.84748959635806
0.0,45,linucb,0.6733753614915405,0.1760064048831471,0.19131353312888796,0.6733753614915405,223.1267163307648
0.0,45,random,0.5086240761750119,0.16654463851831264,0.206044296673023,0.5086240761750119,233.29864447474964
0.0,45,smallest,0.3224971670309777,0.04785310832833502,0.08831793858344318,0.3224971670309777,52.46320379757186
0.0,45,thompson_sampling,0.654387770516174,0.2805191748221236,0.33028860220067235,0.654387770516174,251.0021505814227
0.0,46,accuracy,0.6850036129066008,0.5373095930916143,0.6258397028689867,0.6850036129066008,731.4273224816835
0.0,46,epsilon_greedy,0.6716361111847334,0.21295567185202316,0.25785245158343867,0.6716361111847334,364.20284375614045
0.0,46,largest,0.38419378669728327,0.4122323191878735,0.4059649715387025,0.38419378669728327,440.4658335067343
0.0,46,linear_epsilon_greedy,0.6633112320894293,0.26969690480544034,0.2931941038628831,0.6633112320894293,295.1810014948713
0.0,46,linucb,0.6326664951855695,0.1732041910923444,0.21316645696339573,0.6326664951855695,188.1908765567574
0.0,46,random,0.5080392220939568,0.16649976929890897,0.20369912488484038,0.5080392220939568,235.0435886463033
0.0,46,smallest,0.3224971670309777,0.04785310832833502,0.08831793858344318,0.3224971670309777,52.46320379757186
0.0,46,thompson_sampling,0.6294168112764793,0.1828822142520676,0.2381178699498617,0.6294168112764793,234.7924567809863
0.1,142,accuracy,0.6850036129066008,0.5373095930916143,0.6258397028689867,0.6627722923067794,731.4273224816835
0.1,142,epsilon_greedy,0.6388474988470186,0.1883066249293594,0.22554779412898096,0.6561320864693809,320.95531657992336
0.1,142,largest,0.38419378669728327,0.4122323191878735,0.4059649715387025,0.4045511761087676,440.4658335067343
0.1,142,linear_epsilon_greedy,0.6516677197416757,0.32325120487692643,0.35487489308053694,0.6541758272798155,407.2232027330535
0.1,142,linucb,0.6622432228272547,0.2093945760452878,0.2435568195602549,0.6750794429400004,249.8882104318034
0.1,142,random,0.5060260328537505,0.17069338977877502,0.2079672632658909,0.5383540905904979,242.92719675711703
0.1,142,smallest,0.3224971670309777,0.04785310832833502,0.08831793858344318,0.38546213949504643,52.46320379757186
0.1,142,thompson_sampling,0.6615371722891915,0.22258577999493706,0.24697179269800745,0.6731248770607786,265.3365969619163
0.1,143,accuracy,0.6850036129066008,0.5373095930916143,0.6258397028689867,0.6627722923067794,731.4273224816835
0.1,143,epsilon_greedy,0.6423541764256308,0.23224448308247747,0.21853371550141637,0.6548943104748199,322.8246385256469
0.1,143,largest,0.38419378669728327,0.4122323191878735,0.4059649715387025,0.4045511761087676,440.4658335067343
0.1,143,linear_epsilon_greedy,0.6218777197754681,0.1564901001115386,0.16731509944400022,0.6440409377867674,228.61906623963839
0.1,143,linucb,0.6535891847025687,0.17930040527689378,0.2044976028223176,0.6703002257046224,211.4402642879031
0.1,143,random,0.5034321864281127,0.15936140285664557,0.19350709283405532,0.5371528274996369,226.8236811842155
0.1,143,smallest,0.3224971670309777,0.04785310832833502,0.08831793858344318,0.38546213949504643,52.46320379757186
0.1,143,thompson_sampling,0.6577566249533042,0.22735925969802964,0.2545221398288254,0.6692450364881709,291.8387613569717
0.1,144,accuracy,0.6850036129066008,0.5373095930916143,0.6258397028689867,0.6627722923067794,731.4273224816835
0.1,144,epsilon_greedy,0.6392698264900677,0.2294053159462958,0.2166093726500104,0.6524023122464313,315.7508213183543
0.1,144,largest,0.38419378669728327,0.4122323191878735,0.4059649715387025,0.4045511761087676,440.4658335067343
0.1,144,linear_epsilon_greedy,0.6513747630060038,0.22040907579263516,0.25996389490081007,0.6641963791261399,233.27857212678344
0.1,144,linucb,0.6660501079092738,0.2786672010685452,0.32830727924024544,0.6715783770114919,196.57043683096694
0.1,144,random,0.510054389580489,0.16320417678785262,0.20424288129494975,0.5427285329436549,223.71771070265004
0.1,144,smallest,0.3224971670309777,0.04785310832833502,0.08831793858344318,0.38546213949504643,52.46320379757186
0.1,144,thompson_sampling,0.6430129017025681,0.2076949720056538,0.251023534094131,0.6579421143317459,215.23121468350283
0.1,145,accuracy,0.6850036129066008,0.5373095930916143,0.6258397028689867,0.6627722923067794,731.4273224816835
0.1,145,epsilon_greedy,0.5809639332177022,0.17129994927580713,0.18115866619468018,0.6057375449683513,255.2287079946179
0.1,145,largest,0.38419378669728327,0.4122323191878735,0.4059649715387025,0.4045511761087676,440.4658335067343
0.1,145,linear_epsilon_greedy,0.6700565468091533,0.2270943350018455,0.2420740299902946,0.6803414586280534,426.88538193741397
0.1,145,linucb,0.6391507392429812,0.20520530296033754,0.2183222194741772,0.6547151350226492,327.1652756010192
0.1,145,random,0.5222618258620775,0.16763261486374625,0.20297663004621547,0.5532723817894952,240.01751071522384
0.1,145,smallest,0.3224971670309777,0.04785310832833502,0.08831793858344318,0.38546213949504643,52.46320379757186
0.1,145,thompson_sampling,0.6496138942503951,0.16946078158814515,0.19174824847991281,0.667706426666541,232.1817068040039
0.1,146,accuracy,0.6850036129066008,0.5373095930916143,0.6258397028689867,0.6627722923067794,731.4273224816835
0.1,146,epsilon_greedy,0.6770068670578933,0.5128481744415556,0.5983327430237483,0.6580213629079483,690.3874979378313
0.1,146,largest,0.38419378669728327,0.4122323191878735,0.4059649715387025,0.4045511761087676,440.4658335067343
0.1,146,linear_epsilon_greedy,0.6757439769286986,0.22602499222774067,0.2595118168418934,0.6855670800130547,280.6215756812803
0.1,146,linucb,0.6532078257013002,0.1973043970131996,0.23496409772673923,0.6681566034298502,222.81938347454923
0.1,146,random,0.5143297997790282,0.16793484300099903,0.20671781027265224,0.5461033355010254,235.8455421349774
0.1,146,smallest,0.3224971670309777,0.04785310832833502,0.08831793858344318,0.38546213949504643,52.46320379757186
0.1,146,thompson_sampling,0.6557559687955691,0.2264373372100415,0.24016003730557564,0.667536638195008,372.50481340425205
0.2,242,accuracy,0.6850036129066008,0.5373095930916143,0.6258397028689867,0.6405409717069579,731.4273224816835
0.2,242,epsilon_greedy,0.5745450533325326,0.09442916928097664,0.12158753847230973,0.6407502088098308,123.18100431356653
0.2,242,largest,0.38419378669728327,0.4122323191878735,0.4059649715387025,0.4249085655202519,440.4658335067343
0.2,242,linear_epsilon_greedy,0.6712718906215659,0.183861343896197,0.20614773411171797,0.7002452437180132,208.21245041576046
0.2,242,linucb,0.6411734954682498,0.22164428695765287,0.2635655956915335,0.6686099389830692,251.2097802904966
0.2,242,random,0.493865691177024,0.16480893178334743,0.19920907104472294,0.5621307665849498,227.2413990441784
0.2,242,smallest,0.3224971670309777,0.04785310832833502,0.08831793858344318,0.44842711195911517,52.46320379757186
0.2,242,thompson_sampling,0.6544694608927196,0.23156954723582143,0.2524073316710518,0.6772616592670114,332.6123596558116
0.2,243,accuracy,0.6850036129066008,0.5373095930916143,0.6258397028689867,0.6405409717069579,731.4273224816835
0.2,243,epsilon_greedy,0.6420318384764967,0.23203514428270927,0.21823503036065076,0.6672184419246555,323.1855134568071
0.2,243,largest,0.38419378669728327,0.4122323191878735,0.4059649715387025,0.4249085655202519,440.4658335067343
0.2,243,linear_epsilon_greedy,0.6273519759081911,0.1784154931106579,0.25542288689086035,0.6661984821044213,168.62750276347833
0.2,243,linucb,0.6306552795642402,0.17672167181542153,0.1919041034354597,0.669179889288308,285.53031588405344
0.2,243,random,0.5080966892185795,0.16819159173782072,0.2049504483842808,0.5728390330272995,238.7644386484401
0.2,243,smallest,0.3224971670309777,0.04785310832833502,0.08831793858344318,0.44842711195911517,52.46320379757186
0.2,243,thompson_sampling,0.6435760329174803,0.1962281095846151,0.2154702266524548,0.6756152044170612,248.3616914360345
0.2,244,accuracy,0.6850036129066008,0.5373095930916143,0.6258397028689867,0.6405409717069579,731.4273224816835
0.2,244,epsilon_greedy,0.6355939428026525,0.22984116016388398,0.21665046390773146,0.6625069222093452,319.10108836709173
0.2,244,largest,0.38419378669728327,0.4122323191878735,0.4059649715387025,0.4249085655202519,440.4658335067343
0.2,244,linear_epsilon_greedy,0.6652171027687096,0.1696468509656019,0.18491443369882637,0.6982443120218474,239.34333081622708
0.2,244,linucb,0.649142326630465,0.20248851924427513,0.21768273978540179,0.678816157455517,267.62215112718974
0.2,244,random,0.5106002819018044,0.17136384978088923,0.20689551639674797,0.5742074555652658,245.58939808125973
0.2,244,smallest,0.3224971670309777,0.04785310832833502,0.08831793858344318,0.44842711195911517,52.46320379757186
0.2,244,thompson_sampling,0.6146007172822002,0.15330505969293706,0.19819800302667928,0.6610195618871728,182.95463793685528
0.2,245,accuracy,0.6850036129066008,0.5373095930916143,0.6258397028689867,0.6405409717069579,731.4273224816835
0.2,245,epsilon_greedy,0.674160477862009,0.48441065901227437,0.5668175624783769,0.6424462504871524,663.9363326209794
0.2,245,largest,0.38419378669728327,0.4122323191878735,0.4059649715387025,0.4249085655202519,440.4658335067343
0.2,245,linear_epsilon_greedy,0.6694577893375017,0.20199716916050414,0.21367387178273353,0.6951667976379006,251.34363957785166
0.2,245,linucb,0.6361260509694329,0.16153511851577798,0.20952105199059073,0.6765938170723907,152.61333564013103
0.2,245,random,0.49518910473857897,0.16870203239718687,0.20378146822082058,0.5624108773114258,236.08370049499774
0.2,245,smallest,0.3224971670309777,0.04785310832833502,0.08831793858344318,0.44842711195911517,52.46320379757186
0.2,245,thompson_sampling,0.6603153495290564,0.19366542155396943,0.23523022918982406,0.6895191953124513,243.50910723408361
0.2,246,accuracy,0.6850036129066008,0.5373095930916143,0.6258397028689867,0.6405409717069579,731.4273224816835
0.2,246,epsilon_greedy,0.672572438708752,0.2165660762461571,0.2612907718950977,0.6947447357177703,374.6008044796254
0.2,246,largest,0.38419378669728327,0.4122323191878735,0.4059649715387025,0.4249085655202519,440.4658335067343
0.2,246,linear_epsilon_greedy,0.6555342761457549,0.24034813877183925,0.26567674302233873,0.6763577931622361,254.49718833834785
0.2,246,linucb,0.6657283497862563,0.17310971401278216,0.18353131546766524,0.6979607370264487,194.6463475350778
0.2,246,random,0.49620210733468195,0.16709534255608255,0.20290851068152604,0.5635426173565291,238.30782251493332
0.2,246,smallest,0.3224971670309777,0.04785310832833502,0.08831793858344318,0.44842711195911517,52.46320379757186
0.2,246,thompson_sampling,0.6477018247961862,0.2099983096709469,0.2540306979770031,0.6761617979027597,261.8751869456691
0.3,342,accuracy,0.6850036129066008,0.5373095930916143,0.6258397028689867,0.6183096511071363,731.4273224816835
0.3,342,epsilon_greedy,0.5971016667119529,0.1269640787397552,0.15048812021516209,0.6798819430764405,209.56905481727742
0.3,342,largest,0.38419378669728327,0.4122323191878735,0.4059649715387025,0.44526595493173615,440.4658335067343
0.3,342,linear_epsilon_greedy,0.6072014900614836,0.14073077252522734,0.1742091381171466,0.6828218112854703,206.5254390047219
0.3,342,linucb,0.6520468754488201,0.18134887100062666,0.21608349896736423,0.702028151513986,253.19988290777806
0.3,342,random,0.5166702895772485,0.1702265408264769,0.20693360579068,0.6106012404561308,241.44721924470267
0.3,342,smallest,0.3224971670309777,0.04785310832833502,0.08831793858344318,0.5113920844231838,52.46320379757186
0.3,342,thompson_sampling,0.6412376476903404,0.17672792974644497,0.20608839930137682,0.6958479744593047,233.94460853481812
0.3,343,accuracy,0.6850036129066008,0.5373095930916143,0.6258397028689867,0.6183096511071363,731.4273224816835
0.3,343,epsilon_greedy,0.5864669187437264,0.10365982594502157,0.13157620230664502,0.6794288953371019,137.27037384788616
0.3,343,largest,0.38419378669728327,0.4122323191878735,0.4059649715387025,0.44526595493173615,440.4658335067343
0.3,343,linear_epsilon_greedy,0.6526328160544386,0.18816326427051375,0.22251559137166918,0.7003939919569527,212.11571319588933
0.3,343,linucb,0.633377626341602,0.17401613283244097,0.1795843435975459,0.6911594985893891,198.47158532014504
0.3,343,random,0.5039627587965421,0.16650781165511747,0.20436155580879936,0.6028215876610441,234.7093774616712
0.3,343,smallest,0.3224971670309777,0.04785310832833502,0.08831793858344318,0.5113920844231838,52.46320379757186
0.3,343,thompson_sampling,0.6646843867163902,0.17864220355112034,0.20001633075517658,0.7116864096361369,170.34410317801252
0.3,344,accuracy,0.6850036129066008,0.5373095930916143,0.6258397028689867,0.6183096511071363,731.4273224816835
0.3,344,epsilon_greedy,0.6727487453647155,0.21948355145533902,0.2649191252350056,0.7050790563186992,376.18916678811587
0.3,344,largest,0.38419378669728327,0.4122323191878735,0.4059649715387025,0.44526595493173615,440.4658335067343
0.3,344,linear_epsilon_greedy,0.6072458604069647,0.1542663406969353,0.18154858930972134,0.6787922000757947,271.39726709843507
0.3,344,linucb,0.6215133261347189,0.16200733790822777,0.20669200990966616,0.6864571269218349,204.32978986093073
0.3,344,random,0.500402768045348,0.16465152303134817,0.2041159485084634,0.6008864807223391,234.80370918536798
0.3,344,smallest,0.3224971670309777,0.04785310832833502,0.08831793858344318,0.5113920844231838,52.46320379757186
0.3,344,thompson_sampling,0.6357269097182839,0.16377560816756337,0.18518672114817644,0.6958761543525297,193.35224760639696
0.3,345,accuracy,0.6850036129066008,0.5373095930916143,0.6258397028689867,0.6183096511071363,731.4273224816835
0.3,345,epsilon_greedy,0.6706263724406925,0.21968698876933623,0.2646122235176411,0.7035323640776838,379.44399809495764
0.3,345,largest,0.38419378669728327,0.4122323191878735,0.4059649715387025,0.44526595493173615,440.4658335067343
0.3,345,linear_epsilon_greedy,0.6550210584625717,0.17489355460266845,0.1957494029674153,0.7060466745429997,222.40062292963495
0.3,345,linucb,0.6252903407347518,0.1478921039020323,0.169914876250251,0.6933356073437165,238.12047542074401
0.3,345,random,0.5248182732709143,0.16377024444699517,0.20028702245830793,0.6182417179555415,231.15868773411827
0.3,345,smallest,0.3224971670309777,0.04785310832833502,0.08831793858344318,0.5113920844231838,52.46320379757186
0.3,345,thompson_sampling,0.6330366156211802,0.15953630945575548,0.18423630241999436,0.6952647380980995,167.9422012542936
0.3,346,accuracy,0.6850036129066008,0.5373095930916143,0.6258397028689867,0.6183096511071363,731.4273224816835
0.3,346,epsilon_greedy,0.6719277757112208,0.21380423710840524,0.2578810440315313,0.7062081718653329,366.2662137346684
0.3,346,largest,0.38419378669728327,0.4122323191878735,0.4059649715387025,0.44526595493173615,440.4658335067343
0.3,346,linear_epsilon_greedy,0.6542454916154401,0.1668681255858218,0.179900169165033,0.7079114064550615,232.51587922803634
0.3,346,linucb,0.6347393760932399,0.14827199756755957,0.16963510650796965,0.699835963995,210.76485507108558
0.3,346,random,0.5038573346282895,0.16872798123353483,0.2052708406424871,0.6020817398697422,235.82298828804957
0.3,346,smallest,0.3224971670309777,0.04785310832833502,0.08831793858344318,0.5113920844231838,52.46320379757186
0.3,346,thompson_sampling,0.6251996821277668,0.1373840639204645,0.16530205466107667,0.6964245583132973,168.3679363712569
0.4,442,accuracy,0.6850036129066008,0.5373095930916143,0.6258397028689867,0.5960783305073147,731.4273224816835
0.4,442,epsilon_greedy,0.6685092486603137,0.2166271890470739,0.2604339418345209,0.7144546735773587,374.5324812132329
0.4,442,largest,0.38419378669728327,0.4122323191878735,0.4059649715387025,0.46562334434322056,440.4658335067343
0.4,442,linear_epsilon_greedy,0.6310335773589445,0.17310433953608687,0.21726685129647905,0.709378410600932,231.394821979357
0.4,442,linucb,0.6341962013232887,0.1502330346467883,0.16544007052065976,0.7204245069352578,225.94638463767353
0.4,442,random,0.5064686892841959,0.16327961146585637,0.20004918490252319,0.6385693689841749,227.17773052076316
0.4,442,smallest,0.3224971670309777,0.04785310832833502,0.08831793858344318,0.5743570568872527,52.46320379757186
0.4,442,thompson_sampling,0.6176775181189019,0.14243994380344277,0.1668346441804713,0.7136305333499641,209.63486398796763
0.4,443,accuracy,0.6850036129066008,0.5373095930916143,0.6258397028689867,0.5960783305073147,731.4273224816835
0.4,443,epsilon_greedy,0.5884663850591964,0.0982289109530392,0.12471122353526727,0.7137882666543022,134.14903201263473
0.4,443,largest,0.38419378669728327,0.4122323191878735,0.4059649715387025,0.46562334434322056,440.4658335067343
0.4,443,linear_epsilon_greedy,0.6239667106080746,0.16741649377257653,0.19684148657927958,0.7074134288558142,256.55575506556033
0.4,443,linucb,0.6227241924974227,0.13192864951505973,0.16156801353977002,0.7208630556924298,183.51543143882498
0.4,443,random,0.5159136319407643,0.1693085437930513,0.2091371566340213,0.641824761647238,236.55116586949998
0.4,443,smallest,0.3224971670309777,0.04785310832833502,0.08831793858344318,0.5743570568872527,52.46320379757186
0.4,443,thompson_sampling,0.6338458152403559,0.1380648486551922,0.15928675613941978,0.7250815496821366,183.29180926983935
0.4,444,accuracy,0.6850036129066008,0.5373095930916143,0.6258397028689867,0.5960783305073147,731.4273224816835
0.4,444,epsilon_greedy,0.6548433544687766,0.21645836681205552,0.24860890705240482,0.7063226659564438,358.9441870199645
0.4,444,largest,0.38419378669728327,0.4122323191878735,0.4059649715387025,0.46562334434322056,440.4658335067343
0.4,444,linear_epsilon_greedy,0.6195447046990871,0.1790636418677905,0.19295318663935726,0.7001013660723361,266.95388339853463
0.4,444,linucb,0.648656378246032,0.1552520042003647,0.17046351784276978,0.7270930252674733,190.92377182589183
0.4,444,random,0.5097386102599786,0.1675555487764016,0.2027123325953604,0.6388209466454265,230.65381649408812
0.4,444,smallest,0.3224971670309777,0.04785310832833502,0.08831793858344318,0.5743570568872527,52.46320379757186
0.4,444,thompson_sampling,0.6192612994593986,0.13587644547075914,0.15937097574309123,0.7172062014873355,156.438993303409
0.4,445,accuracy,0.6850036129066008,0.5373095930916143,0.6258397028689867,0.5960783305073147,731.4273224816835
0.4,445,epsilon_greedy,0.6406340941155222,0.2296256431041828,0.21642211404818687,0.6925301992276403,314.9389934062009
0.4,445,largest,0.38419378669728327,0.4122323191878735,0.4059649715387025,0.46562334434322056,440.4658335067343
0.4,445,linear_epsilon_greedy,0.6381907422763875,0.16428106654797967,0.19324358570073308,0.7172020187466406,173.95533185837692
0.4,445,linucb,0.6159834853258102,0.12471477209104496,0.14871158652446997,0.7197041823590681,155.8231234582844
0.4,445,random,0.5177354523720614,0.16267632674716284,0.19920557368691352,0.6455707407243717,231.59052045917406
0.4,445,smallest,0.3224971670309777,0.04785310832833502,0.08831793858344318,0.5743570568872527,52.46320379757186
0.4,445,thompson_sampling,0.6142648167844494,0.1335107807201343,0.15943317137226268,0.7151545777826159,215.13871464555245
0.4,446,accuracy,0.6850036129066008,0.5373095930916143,0.6258397028689867,0.5960783305073147,731.4273224816835
0.4,446,epsilon_greedy,0.5847034143986335,0.16061619808117036,0.1988145972807708,0.6865755694067119,268.6145767572946
0.4,446,largest,0.38419378669728327,0.4122323191878735,0.4059649715387025,0.46562334434322056,440.4658335067343
0.4,446,linear_epsilon_greedy,0.6099999542709178,0.11185602843049551,0.14937488796639845,0.7212575611903524,111.05989785200734
0.4,446,linucb,0.6204123821932572,0.11832432666567289,0.15565109212538808,0.7249176986496851,124.24756499109087
0.4,446,random,0.511171529359348,0.1706251876928398,0.20456628604654137,0.6384528425384729,239.47079250795807
0.4,446,smallest,0.3224971670309777,0.04785310832833502,0.08831793858344318,0.5743570568872527,52.46320379757186
0.4,446,thompson_sampling,0.6221903608286554,0.12746532589686121,0.15804634946258211,0.7223280861384488,167.4184690311083
0.5,542,accuracy,0.6850036129066008,0.5373095930916143,0.6258397028689867,0.5738470099074934,731.4273224816835
0.5,542,epsilon_greedy,0.5999264482067367,0.13552256493440173,0.15344638101924868,0.7322019416361675,225.59270518305755
0.5,542,largest,0.38419378669728327,0.4122323191878735,0.4059649715387025,0.48598073375470485,440.4658335067343
0.5,542,linear_epsilon_greedy,0.5915336711364695,0.12749040109170656,0.1536707938586414,0.7320216350223815,164.02161901283392
0.5,542,linucb,0.6319061615571728,0.12625501418215418,0.1586893154719089,0.7528255736875094,119.86979372770993
0.5,542,random,0.5159634944942038,0.1684997937651482,0.20543341325719658,0.6737318503645278,233.95382532417005
0.5,542,smallest,0.3224971670309777,0.04785310832833502,0.08831793858344318,0.6373220293513213,52.46320379757186
0.5,542,thompson_sampling,0.6183108084102499,0.13966736957990303,0.1622956552885608,0.7393217194151734,179.11027925101465
0.5,543,accuracy,0.6850036129066008,0.5373095930916143,0.6258397028689867,0.5738470099074934,731.4273224816835
0.5,543,epsilon_greedy,0.500905082025869,0.0764830986953361,0.1174997337416082,0.7122109916652665,100.64503438385803
0.5,543,largest,0.38419378669728327,0.4122323191878735,0.4059649715387025,0.48598073375470485,440.4658335067343
0.5,543,linear_epsilon_greedy,0.6074608165572747,0.13052451872996568,0.1508019862824435,0.7384681489136545,243.1211052996825
0.5,543,linucb,0.6298499337350442,0.13715469776464134,0.16520216833125884,0.7463476179852014,202.41657579505343
0.5,543,random,0.497912787244629,0.16902157471142637,0.20317084423233941,0.6644456062666013,242.7417026386806
0.5,543,smallest,0.3224971670309777,0.04785310832833502,0.08831793858344318,0.6373220293513213,52.46320379757186
0.5,543,thompson_sampling,0.6206777641426695,0.12093706104583835,0.15394567937436612,0.7498703515484156,142.513833755457
0.5,544,accuracy,0.6850036129066008,0.5373095930916143,0.6258397028689867,0.5738470099074934,731.4273224816835
0.5,544,epsilon_greedy,0.5286318306332451,0.11529717470822448,0.14737213717646336,0.7066673279625103,180.52467243266202
0.5,544,largest,0.38419378669728327,0.4122323191878735,0.4059649715387025,0.48598073375470485,440.4658335067343
0.5,544,linear_epsilon_greedy,0.5999431863668592,0.12878228879167972,0.1618323452686164,0.7355804487875898,208.61835189061983
0.5,544,linucb,0.6167768352519238,0.13057566680278457,0.1512770622315801,0.7431005842245697,132.36906646720075
0.5,544,random,0.5124498492729541,0.1683130557085259,0.20433750896029593,0.6720683967822141,246.7131201996185
0.5,544,smallest,0.3224971670309777,0.04785310832833502,0.08831793858344318,0.6373220293513213,52.46320379757186
0.5,544,thompson_sampling,0.5994104579529678,0.11740228335864633,0.1482807070361241,0.7410040872971607,150.28149352862707
0.5,545,accuracy,0.6850036129066008,0.5373095930916143,0.6258397028689867,0.5738470099074934,731.4273224816835
0.5,545,epsilon_greedy,0.5571744283376232,0.1067837603713728,0.14158078749984176,0.7251953339831252,172.9914479741566
0.5,545,largest,0.38419378669728327,0.4122323191878735,0.4059649715387025,0.48598073375470485,440.4658335067343
0.5,545,linear_epsilon_greedy,0.6179633473599226,0.14344872293317273,0.16867318825840869,0.737257312213375,280.6902683945352
0.5,545,linucb,0.6019615266816718,0.11434812924934422,0.14877294977339098,0.7438066987161638,142.36114948280195
0.5,545,random,0.5151212621328481,0.1654255481266941,0.20409512349333486,0.674847857003077,232.9036295406885
0.5,545,smallest,0.3224971670309777,0.04785310832833502,0.08831793858344318,0.6373220293513213,52.46320379757186
0.5,545,thompson_sampling,0.6169901883228306,0.12678581106357864,0.15587652487573087,0.745102188629626,180.61413337722826
0.5,546,accuracy,0.6850036129066008,0.5373095930916143,0.6258397028689867,0.5738470099074934,731.4273224816835
0.5,546,epsilon_greedy,0.58162448144476,0.0949365377245158,0.12186329512830554,0.7433439718601221,125.47009437597939
0.5,546,largest,0.38419378669728327,0.4122323191878735,0.4059649715387025,0.48598073375470485,440.4658335067343
0.5,546,linear_epsilon_greedy,0.6221618182291533,0.12757243769878962,0.15013607949299093,0.7472946902651818,112.03469004114353
0.5,546,linucb,0.6239635933766647,0.1292352591431192,0.16355958497292641,0.7473641671167728,149.56083509631813
0.5,546,random,0.5207107929384035,0.16143108563838834,0.19827879253548292,0.6796398536500076,232.55572618059455
0.5,546,smallest,0.3224971670309777,0.04785310832833502,0.08831793858344318,0.6373220293513213,52.46320379757186
0.5,546,thompson_sampling,0.6303451633814711,0.12981757392785712,0.15709045185995515,0.750263794726807,207.66069090913382
0.6,642,accuracy,0.6850036129066008,0.5373095930916143,0.6258397028689867,0.5516156893076718,731.4273224816835
0.6,642,epsilon_greedy,0.5528063258680362,0.10920951438306409,0.14589566691577605,0.7555968217173761,173.06937933490397
0.6,642,largest,0.38419378669728327,0.4122323191878735,0.4059649715387025,0.5063381231661891,440.4658335067343
0.6,642,linear_epsilon_greedy,0.6029398131462859,0.10770242462685674,0.1579243262959075,0.7765544704824003,115.6128943232181
0.6,642,linucb,0.5896070198426815,0.10794835118965168,0.14047132055548464,0.7710737972232816,140.24162247854295
0.6,642,random,0.5177871926008218,0.1719147585229378,0.21105543945634866,0.7039660219265661,233.76605845060817
0.6,642,smallest,0.3224971670309777,0.04785310832833502,0.08831793858344318,0.70028700181539,52.46320379757186
0.6,642,thompson_sampling,0.5892918639068635,0.11483163895146321,0.14238212639416223,0.7668177621918675,158.69638489094172
0.6,643,accuracy,0.6850036129066008,0.5373095930916143,0.6258397028689867,0.5516156893076718,731.4273224816835
0.6,643,epsilon_greedy,0.5855866899038411,0.0981986692558362,0.1255775298496332,0.7753154744080347,131.97222784537271
0.6,643,largest,0.38419378669728327,0.4122323191878735,0.4059649715387025,0.5063381231661891,440.4658335067343
0.6,643,linear_epsilon_greedy,0.5772669534331216,0.10742211685677003,0.14143669606491513,0.7664535112591866,134.9436841085904
0.6,643,linucb,0.6075740614063164,0.10127117205076495,0.13451546284108143,0.7822669213320677,126.82163723414301
0.6,643,random,0.5069270913576837,0.169226383036901,0.20546858535329662,0.7012350067209329,250.38472110232908
0.6,643,smallest,0.3224971670309777,0.04785310832833502,0.08831793858344318,0.70028700181539,52.46320379757186
0.6,643,thompson_sampling,0.5761714450255613,0.09717424355331332,0.12929732809916492,0.7721640318782366,130.93386501755117
0.6,644,accuracy,0.6850036129066008,0.5373095930916143,0.6258397028689867,0.5516156893076718,731.4273224816835
0.6,644,epsilon_greedy,0.4863319663679785,0.08371018623075152,0.11819507654908971,0.7443066748087405,121.55788239829143
0.6,644,largest,0.38419378669728327,0.4122323191878735,0.4059649715387025,0.5063381231661891,440.4658335067343
0.6,644,linear_epsilon_greedy,0.607434829076192,0.1118009903552417,0.13985254267032904,0.7758933374173318,146.3275141634878
0.6,644,linucb,0.6308667113640717,0.12366399057696771,0.1498958003892176,0.778148290199448,174.7138722909325
0.6,644,random,0.5204351438223332,0.16733135899439375,0.20246083542638318,0.707775242132297,237.31862147608325
0.6,644,smallest,0.3224971670309777,0.04785310832833502,0.08831793858344318,0.70028700181539,52.46320379757186
0.6,644,thompson_sampling,0.5864581789643587,0.1103130171765687,0.14882756995292404,0.7683954612798023,141.58525033048343
0.6,645,accuracy,0.6850036129066008,0.5373095930916143,0.6258397028689867,0.5516156893076718,731.4273224816835
0.6,645,epsilon_greedy,0.5856326126968404,0.09707280141558482,0.12408593671027507,0.7760093642293853,130.63052167021897
0.6,645,largest,0.38419378669728327,0.4122323191878735,0.4059649715387025,0.5063381231661891,440.4658335067343
0.6,645,linear_epsilon_greedy,0.6026988705086287,0.1079440235406873,0.13879128075538985,0.7763131340790391,153.7440657914518
0.6,645,linucb,0.602178029931098,0.10616160993625262,0.13923827370226252,0.7771742460106876,124.74320071374866
0.6,645,random,0.5161814390741959,0.17072691462104045,0.2084855387280913,0.704036426857054,250.04715261935172
0.6,645,smallest,0.3224971670309777,0.04785310832833502,0.08831793858344318,0.70028700181539,52.46320379757186
0.6,645,thompson_sampling,0.6074002565357445,0.11442830031152709,0.1459314757637478,0.7743031224273815,175.3023067877281
0.6,646,accuracy,0.6850036129066008,0.5373095930916143,0.6258397028689867,0.5516156893076718,731.4273224816835
0.6,646,epsilon_greedy,0.5784070971428947,0.09266396219240959,0.1199884256103217,0.7757644615417122,121.2757865442508
0.6,646,largest,0.38419378669728327,0.4122323191878735,0.4059649715387025,0.5063381231661891,440.4658335067343
0.6,646,linear_epsilon_greedy,0.5912752110592587,0.10025306457142368,0.13151086909751886,0.7763582456808492,128.97455925354618
0.6,646,linucb,0.5828835624558912,0.10306375309668181,0.13634103763650438,0.7713151731243474,111.17168566721598
0.6,646,random,0.5116985545529862,0.16500750601866032,0.2017856261902325,0.7056749182099983,246.98207578056744
0.6,646,smallest,0.3224971670309777,0.04785310832833502,0.08831793858344318,0.70028700181539,52.46320379757186
0.6,646,thompson_sampling,0.5766932949775654,0.10892444557975557,0.14093402725601817,0.7653226506431728,146.4209317531026
0.7,742,accuracy,0.6850036129066008,0.5373095930916143,0.6258397028689867,0.5293843687078502,731.4273224816835
0.7,742,epsilon_greedy,0.5303843679017168,0.1131583932101792,0.14640833616639645,0.7799044351233896,183.11625381525053
0.7,742,largest,0.38419378669728327,0.4122323191878735,0.4059649715387025,0.5266955125776736,440.4658335067343
0.7,742,linear_epsilon_greedy,0.5803424109473031,0.10310866994342792,0.1325889735397446,0.8019266543237914,159.86816688770742
0.7,742,linucb,0.5521465811525877,0.09273043080730309,0.12856846165793667,0.8007326727806642,112.3732148717692
0.7,742,random,0.5059245276276128,0.16944105372906887,0.20744147004949742,0.7331686206779356,239.788942106716
0.7,742,smallest,0.3224971670309777,0.04785310832833502,0.08831793858344318,0.7632519742794588,52.46320379757186
0.7,742,thompson_sampling,0.5607920473208913,0.0896609922349518,0.12469088849338086,0.8054749196318011,115.94346903467317
0.7,743,accuracy,0.6850036129066008,0.5373095930916143,0.6258397028689867,0.5293843687078502,731.4273224816835
0.7,743,epsilon_greedy,0.49754506793214825,0.0739950039767298,0.11615513794283489,0.7974670175959336,94.97034717056482
0.7,743,largest,0.38419378669728327,0.4122323191878735,0.4059649715387025,0.5266955125776736,440.4658335067343
0.7,743,linear_epsilon_greedy,0.5748858159765172,0.09809923603247808,0.13529819743583146,0.8037962795702205,132.44737956686362
0.7,743,linucb,0.561279114506237,0.09241107375042328,0.12438559800318028,0.8036959827265747,107.81388271226437
0.7,743,random,0.5106457462297496,0.16581768558949814,0.20478558312892844,0.7371213439562762,235.07483868055928
0.7,743,smallest,0.3224971670309777,0.04785310832833502,0.08831793858344318,0.7632519742794588,52.46320379757186
0.7,743,thompson_sampling,0.557781026479731,0.08857695075389325,0.12091917496629287,0.805330442416194,132.8350522182579
0.7,744,accuracy,0.6850036129066008,0.5373095930916143,0.6258397028689867,0.5293843687078502,731.4273224816835
0.7,744,epsilon_greedy,0.5750201486705137,0.09106464833833369,0.11848433835829716,0.8087607907643205,119.44395541402729
0.7,744,largest,0.38419378669728327,0.4122323191878735,0.4059649715387025,0.5266955125776736,440.4658335067343
0.7,744,linear_epsilon_greedy,0.5647251776081824,0.0842190504522505,0.11315370623579342,0.8104642179658794,110.59265797783578
0.7,744,linucb,0.5715021923422864,0.10155577876792286,0.1349775886827683,0.8003616125651398,120.82276685030963
0.7,744,random,0.5114147956085002,0.16680530372102723,0.20525264971270013,0.736660726077831,232.80268331238767
0.7,744,smallest,0.3224971670309777,0.04785310832833502,0.08831793858344318,0.7632519742794588,52.46320379757186
0.7,744,thompson_sampling,0.5691675426238492,0.1007135646137146,0.13754255275727093,0.8002507675575545,138.3947788239992
0.7,745,accuracy,0.6850036129066008,0.5373095930916143,0.6258397028689867,0.5293843687078502,731.4273224816835
0.7,745,epsilon_greedy,0.5456241636441765,0.0964070839029333,0.13811663197100213,0.7962022903611996,153.3157744965688
0.7,745,largest,0.38419378669728327,0.4122323191878735,0.4059649715387025,0.5266955125776736,440.4658335067343
0.7,745,linear_epsilon_greedy,0.5455318916378653,0.08727877306948606,0.12209978782021526,0.8025644263427193,69.38489560215146
0.7,745,linucb,0.5898055250328644,0.09838134934829107,0.1355751653200852,0.8080747129660555,117.45915710012214
0.7,745,random,0.5045708995031644,0.1682902095113998,0.20516442998647816,0.7335681231929694,239.90004120082935
0.7,745,smallest,0.3224971670309777,0.04785310832833502,0.08831793858344318,0.7632519742794588,52.46320379757186
0.7,745,thompson_sampling,0.5479710491415147,0.09726804538973638,0.13437673581352064,0.7963036829696389,98.82584354123867
0.7,746,accuracy,0.6850036129066008,0.5373095930916143,0.6258397028689867,0.5293843687078502,731.4273224816835
0.7,746,epsilon_greedy,0.578784758079983,0.09410430121108035,0.1209593612869955,0.8077624165762387,122.8791494348391
0.7,746,largest,0.38419378669728327,0.4122323191878735,0.4059649715387025,0.5266955125776736,440.4658335067343
0.7,746,linear_epsilon_greedy,0.5771931687325982,0.10072564967431423,0.1334296273734427,0.8026499958477594,156.74532864962455
0.7,746,linucb,0.5904697289570059,0.09691720900564296,0.13171500185171267,0.8092988723831517,131.86561586076274
0.7,746,random,0.517442741525008,0.17052812922251873,0.20677405784751218,0.7358631320017393,224.08536493961708
0.7,746,smallest,0.3224971670309777,0.04785310832833502,0.08831793858344318,0.7632519742794588,52.46320379757186
0.7,746,thompson_sampling,0.5760455595532317,0.09705443706705215,0.13038468862847757,0.804875561919033,124.37810079644797
0.8,842,accuracy,0.6850036129066008,0.5373095930916143,0.6258397028689867,0.5071530481080287,731.4273224816835
0.8,842,epsilon_greedy,0.504714183633721,0.08740415206813894,0.12434862198587798,0.8310195150722332,131.1380261959673
0.8,842,largest,0.38419378669728327,0.4122323191878735,0.4059649715387025,0.5470529019891578,440.4658335067343
0.8,842,linear_epsilon_greedy,0.5616703014450052,0.09950288149821256,0.12561814057845525,0.8327317550904311,130.5017189656576
0.8,842,linucb,0.5536498805181918,0.0843556027611975,0.12285451182438885,0.8432454938946803,108.00256806519373
0.8,842,random,0.5161615425412068,0.16341411555987162,0.20222256140637698,0.7725010160603442,234.96629671385023
0.8,842,smallest,0.3224971670309777,0.04785310832833502,0.08831793858344318,0.8262169467435275,52.46320379757186
0.8,842,thompson_sampling,0.5414659987515866,0.08215002907612454,0.11942833161672652,0.8425731764894178,112.74654666286253
0.8,843,accuracy,0.6850036129066008,0.5373095930916143,0.6258397028689867,0.5071530481080287,731.4273224816835
0.8,843,epsilon_greedy,0.5746467014121562,0.09204126791030033,0.11869814823440013,0.841296325954191,119.03897985154427
0.8,843,largest,0.38419378669728327,0.4122323191878735,0.4059649715387025,0.5470529019891578,440.4658335067343
0.8,843,linear_epsilon_greedy,0.5534469996472355,0.08864812390315382,0.1276260455567908,0.8397709008069242,106.97812563342966
0.8,843,linucb,0.5414968140909538,0.07871355325121208,0.11512896874351661,0.8453285202172212,112.60844232032878
0.8,843,random,0.5075995146582585,0.16758838461924613,0.20750502271362403,0.7674491952362548,229.26423020044368
0.8,843,smallest,0.3224971670309777,0.04785310832833502,0.08831793858344318,0.8262169467435275,52.46320379757186
0.8,843,thompson_sampling,0.5520940482869955,0.08739058463293681,0.11986975947406826,0.8405063419510498,123.38422797902908
0.8,844,accuracy,0.6850036129066008,0.5373095930916143,0.6258397028689867,0.5071530481080287,731.4273224816835
0.8,844,epsilon_greedy,0.4253386135882044,0.06353567848355515,0.09006187168900934,0.8342391799307969,90.81374176842841
0.8,844,largest,0.38419378669728327,0.4122323191878735,0.4059649715387025,0.5470529019891578,440.4658335067343
0.8,844,linear_epsilon_greedy,0.5546605665479974,0.08640921564406168,0.12489592215306995,0.8418047407943503,113.24005897384401
0.8,844,linucb,0.5095665814307818,0.07377459207521793,0.10762840111466812,0.8428936426259821,86.09921436205155
0.8,844,random,0.5071219737053346,0.1682058948407767,0.2036325361423569,0.7668596788684456,241.22166328936237
0.8,844,smallest,0.3224971670309777,0.04785310832833502,0.08831793858344318,0.8262169467435275,52.46320379757186
0.8,844,thompson_sampling,0.5209547017655792,0.08319917155959503,0.11876601155359424,0.8376316031054399,114.24938248420447
0.8,845,accuracy,0.6850036129066008,0.5373095930916143,0.6258397028689867,0.5071530481080287,731.4273224816835
0.8,845,epsilon_greedy,0.49583441903132724,0.07564914156585555,0.11807197512257306,0.838647570553581,97.42813312857083
0.8,845,largest,0.38419378669728327,0.4122323191878735,0.4059649715387025,0.5470529019891578,440.4658335067343
0.8,845,linear_epsilon_greedy,0.5430390515412432,0.08240175939058644,0.1158262760457306,0.8426864027957796,112.87703313250454
0.8,845,linucb,0.530283967789159,0.08267782069471229,0.11692421665588301,0.839914537002062,96.56789102966223
0.8,845,random,0.5143507680773085,0.16788324905899882,0.2077457932335668,0.7685635543682626,240.38424372403176
0.8,845,smallest,0.3224971670309777,0.04785310832833502,0.08831793858344318,0.8262169467435275,52.46320379757186
0.8,845,thompson_sampling,0.535445165569156,0.08531652444896737,0.1240888547516347,0.8388358135546574,104.12146289543479
0.8,846,accuracy,0.6850036129066008,0.5373095930916143,0.6258397028689867,0.5071530481080287,731.4273224816835
0.8,846,epsilon_greedy,0.5790883837803747,0.09254157530379621,0.1199142319896437,0.841784416513038,120.68944348812573
0.8,846,largest,0.38419378669728327,0.4122323191878735,0.4059649715387025,0.5470529019891578,440.4658335067343
0.8,846,linear_epsilon_greedy,0.49825224545128194,0.08502402320427781,0.12736854709319265,0.8316312305268342,111.4647349438249
0.8,846,linucb,0.5440973391210504,0.07966330575702411,0.11412994046044425,0.8450888232185907,112.6052471964253
0.8,846,random,0.513706380453243,0.16433700355469752,0.20379434744552183,0.7712716732468906,229.4726284788051
0.8,846,smallest,0.3224971670309777,0.04785310832833502,0.08831793858344318,0.8262169467435275,52.46320379757186
0.8,846,thompson_sampling,0.5490674590722397,0.08566488239203349,0.12477345316491617,0.8412815859008211,112.59781932332729
0.9,942,accuracy,0.6850036129066008,0.5373095930916143,0.6258397028689867,0.4849217275082073,731.4273224816835
0.9,942,epsilon_greedy,0.3783723992551242,0.047367504566647955,0.0701532345891089,0.8952064858155292,63.500809040232426
0.9,942,largest,0.38419378669728327,0.4122323191878735,0.4059649715387025,0.5674102914006421,440.4658335067343
0.9,942,linear_epsilon_greedy,0.4809857213538703,0.07041073954786868,0.11104992946884172,0.8847289065423052,75.74143285352753
0.9,942,linucb,0.48124004121991404,0.06498622141090402,0.10022102216356375,0.8896364048521779,76.97520759927616
0.9,942,random,0.5078949569142795,0.16485703957288328,0.20514177884001647,0.802418160075833,225.79460033299804
0.9,942,smallest,0.3224971670309777,0.04785310832833502,0.08831793858344318,0.8891819192075961,52.46320379757186
0.9,942,thompson_sampling,0.4754953730077884,0.07123388469032735,0.10751742050484461,0.8834390410794842,90.69861293076028
0.9,943,accuracy,0.6850036129066008,0.5373095930916143,0.6258397028689867,0.4849217275082073,731.4273224816835
0.9,943,epsilon_greedy,0.37487400569595086,0.046577398467013253,0.0683846169669582,0.8955677419492831,63.408204942732226
0.9,943,largest,0.38419378669728327,0.4122323191878735,0.4059649715387025,0.5674102914006421,440.4658335067343
0.9,943,linear_epsilon_greedy,0.4586180472641199,0.073516373133182,0.11220145698018319,0.8796970689065482,62.58009413896345
0.9,943,linucb,0.4840676138932767,0.06791510377923066,0.1044337573935367,0.8872831679880201,79.19746792961595
0.9,943,random,0.5103990340826811,0.16958602232850697,0.21065490538343623,0.7984124833126118,244.9565826743144
0.9,943,smallest,0.3224971670309777,0.04785310832833502,0.08831793858344318,0.8891819192075961,52.46320379757186
0.9,943,thompson_sampling,0.49080079356115386,0.07329793647812523,0.11044117708630873,0.8831119365258028,99.70165369192637
0.9,944,accuracy,0.6850036129066008,0.5373095930916143,0.6258397028689867,0.4849217275082073,731.4273224816835
0.9,944,epsilon_greedy,0.5008068032619076,0.07426504941672063,0.11604073195659377,0.8832421358511421,94.89835026350859
0.9,944,largest,0.38419378669728327,0.4122323191878735,0.4059649715387025,0.5674102914006421,440.4658335067343
0.9,944,linear_epsilon_greedy,0.37932368268375094,0.05633765549038179,0.08865668046751743,0.8872284783270316,67.65971480530415
0.9,944,linucb,0.5144632299900499,0.07172267024876715,0.1067848641604975,0.8868959197751146,98.4297181843967
0.9,944,random,0.5270885874412973,0.16915251944869283,0.20603012768441345,0.8004715912403062,240.53038041312476
0.9,944,smallest,0.3224971670309777,0.04785310832833502,0.08831793858344318,0.8891819192075961,52.46320379757186
0.9,944,thompson_sampling,0.4692905760364527,0.07033074618228682,0.10590956562552374,0.883631386039587,85.86979312780242
0.9,945,accuracy,0.6850036129066008,0.5373095930916143,0.6258397028689867,0.4849217275082073,731.4273224816835
0.9,945,epsilon_greedy,0.3843884785886354,0.046964674179435,0.07078884003072991,0.896170641097372,62.502971718256205
0.9,945,largest,0.38419378669728327,0.4122323191878735,0.4059649715387025,0.5674102914006421,440.4658335067343
0.9,945,linear_epsilon_greedy,0.41953179654936523,0.0578441105475795,0.0994632924449462,0.889893480162115,60.37325496999424
0.9,945,linucb,0.4818931806226208,0.06790459448135333,0.10268716911819478,0.8870751830290441,89.04595367470912
0.9,945,random,0.5034399307624218,0.16960050126191423,0.20765325626579983,0.7977035419405193,234.09765953477714
0.9,945,smallest,0.3224971670309777,0.04785310832833502,0.08831793858344318,0.8891819192075961,52.46320379757186
0.9,945,thompson_sampling,0.4880250220317771,0.07055700461624964,0.105019645618111,0.8853011980485531,88.27238596805208
0.9,946,accuracy,0.6850036129066008,0.5373095930916143,0.6258397028689867,0.4849217275082073,731.4273224816835
0.9,946,epsilon_greedy,0.3764830485705265,0.04691061900674261,0.0697367016112607,0.8954287477509842,64.48657206269263
0.9,946,largest,0.38419378669728327,0.4122323191878735,0.4059649715387025,0.5674102914006421,440.4658335067343
0.9,946,linear_epsilon_greedy,0.4756551853049512,0.07565570812461646,0.11333761173920384,0.8794753812183402,107.52018578001041
0.9,946,linucb,0.48144691671004136,0.0677146814131818,0.10283455398501726,0.8872014783991407,86.20426765337227
0.9,946,random,0.5093360445190166,0.1687169516416475,0.20459769538103703,0.799088347974419,236.34819292027484
0.9,946,smallest,0.3224971670309777,0.04785310832833502,0.08831793858344318,0.8891819192075961,52.46320379757186
0.9,946,thompson_sampling,0.4954606991731262,0.07497009019843866,0.11213933817172031,0.8820729887387179,101.31763804282048
1.0,1042,accuracy,0.6850036129066008,0.5373095930916143,0.6258397028689867,0.46269040690838575,731.4273224816835
1.0,1042,epsilon_greedy,0.3730987832635995,0.04632166629591869,0.06800388012123765,0.9536783337040814,63.91874775871852
1.0,1042,largest,0.38419378669728327,0.4122323191878735,0.4059649715387025,0.5877676808121265,440.4658335067343
1.0,1042,linear_epsilon_greedy,0.49104355889818796,0.07570261943512835,0.10880319806898758,0.9242973805648717,94.12949997384082
1.0,1042,linucb,0.3970432803645725,0.059286335856883136,0.09928852043903993,0.9407136641431169,73.54033663428206
1.0,1042,random,0.516193934932769,0.168436080574103,0.20785803429735633,0.831563919425897,238.60347660785914
1.0,1042,smallest,0.3224971670309777,0.04785310832833502,0.08831793858344318,0.9521468916716651,52.46320379757186
1.0,1042,thompson_sampling,0.3899444791138899,0.05991614730176759,0.09439816247052608,0.9400838526982325,73.77058481075359
1.0,1043,accuracy,0.6850036129066008,0.5373095930916143,0.6258397028689867,0.46269040690838575,731.4273224816835
1.0,1043,epsilon_greedy,0.37456565127979224,0.04744196597978935,0.06931188941868803,0.9525580340202107,61.481820329301826
1.0,1043,largest,0.38419378669728327,0.4122323191878735,0.4059649715387025,0.5877676808121265,440.4658335067343
1.0,1043,linear_epsilon_greedy,0.3397019063665256,0.05434648269152825,0.09564862323626676,0.9456535173084718,62.16341527463929
1.0,1043,linucb,0.3821501861888563,0.05739376910952678,0.0982893435923828,0.9426062308904734,68.28334531649715
1.0,1043,random,0.5168079241194727,0.16768393852074556,0.20619993788953012,0.8323160614792545,242.9384548968267
1.0,1043,smallest,0.3224971670309777,0.04785310832833502,0.08831793858344318,0.9521468916716651,52.46320379757186
1.0,1043,thompson_sampling,0.3814115620529044,0.06005637923797584,0.09433454772769376,0.9399436207620242,75.45151964620494
1.0,1044,accuracy,0.6850036129066008,0.5373095930916143,0.6258397028689867,0.46269040690838575,731.4273224816835
1.0,1044,epsilon_greedy,0.37628840087660564,0.04657113329102447,0.06765208235397972,0.9534288667089755,63.346506174033024
1.0,1044,largest,0.38419378669728327,0.4122323191878735,0.4059649715387025,0.5877676808121265,440.4658335067343
1.0,1044,linear_epsilon_greedy,0.42314126711076294,0.057716278849907675,0.09200053746411548,0.9422837211500923,61.53110238844336
1.0,1044,linucb,0.3621858867010387,0.05327233397647424,0.0943606204542143,0.9467276660235259,60.77927754306381
1.0,1044,random,0.5104729542694659,0.16902053402445374,0.20615301608497447,0.8309794659755462,232.00283369189742
1.0,1044,smallest,0.3224971670309777,0.04785310832833502,0.08831793858344318,0.9521468916716651,52.46320379757186
1.0,1044,thompson_sampling,0.38994541614678707,0.06002393442235407,0.09484859140964416,0.9399760655776459,76.3048461999106
1.0,1045,accuracy,0.6850036129066008,0.5373095930916143,0.6258397028689867,0.46269040690838575,731.4273224816835
1.0,1045,epsilon_greedy,0.3747721717964708,0.045747021956452485,0.06779137845816396,0.9542529780435476,62.05112969852638
1.0,1045,largest,0.38419378669728327,0.4122323191878735,0.4059649715387025,0.5877676808121265,440.4658335067343
1.0,1045,linear_epsilon_greedy,0.3427907353807933,0.05142385337528939,0.09883708897507573,0.9485761466247106,60.111133983199366
1.0,1045,linucb,0.3747664471170318,0.057876295997702255,0.09816656116333959,0.9421237040022977,68.72323294343106
1.0,1045,random,0.5143727924649042,0.16583821335846177,0.20279642256593633,0.8341617866415382,232.70262551482764
1.0,1045,smallest,0.3224971670309777,0.04785310832833502,0.08831793858344318,0.9521468916716651,52.46320379757186
1.0,1045,thompson_sampling,0.3911918015880458,0.06029731163972794,0.09479523838603,0.939702688360272,75.24537121754452
1.0,1046,accuracy,0.6850036129066008,0.5373095930916143,0.6258397028689867,0.46269040690838575,731.4273224816835
1.0,1046,epsilon_greedy,0.3738694393716135,0.04663658130743627,0.06894779086753076,0.9533634186925638,63.2845905069542
1.0,1046,largest,0.38419378669728327,0.4122323191878735,0.4059649715387025,0.5877676808121265,440.4658335067343
1.0,1046,linear_epsilon_greedy,0.3712304239827867,0.06552789437062378,0.121902267234588,0.9344721056293762,58.38051328813649
1.0,1046,linucb,0.3562710629591105,0.05440625888116206,0.09467154788673952,0.9455937411188379,61.86268745593792
1.0,1046,random,0.5044238301334358,0.16586637594676612,0.20393978972382135,0.8341336240532339,235.8998192557354
1.0,1046,smallest,0.3224971670309777,0.04785310832833502,0.08831793858344318,0.9521468916716651,52.46320379757186
1.0,1046,thompson_sampling,0.3876852446684781,0.05927253324710464,0.09505174700894788,0.9407274667528954,74.1506547156031
